{
  "2000-01": 0.0992,
  "2000-02": 0.041576,
  "2000-03": -0.004717,
  "2000-04": 0.040983,
  "2000-05": 0.045355,
  "2000-06": 0.066371,
  "2000-07": 0.041216,
  "2000-08": 0.038568,
  "2000-09": -0.016295,
  "2000-10": -0.008816,
  "2000-11": 0.021087,
  "2000-12": 0.07172,
  "2001-01": 0.0078,
  "2001-02": -0.025689,
  "2001-03": 0.000935,
  "2001-04": 0.026009,
  "2001-05": 0.01833,
  "2001-06": 0.014617,
  "2001-07": 0.013148,
  "2001-08": -0.064079,
  "2001-09": -0.029656,
  "2001-10": 0.018597,
  "2001-11": 0.009867,
  "2001-12": -0.004586,
  "2002-01": 0.017027,
  "2002-02": 0.01602,
  "2002-03": 0.012407,
  "2002-04": 0.019531,
  "2002-05": 0.017091,
  "2002-06": 0.017543,
  "2002-07": 0.015244,
  "2002-08": 0.013228,
  "2002-09": 0.014525,
  "2002-10": 0.015071,
  "2002-11": 0.017759,
  "2002-12": 0.022162,
  "2003-01": 0.022505,
  "2003-02": 0.053468,
  "2003-03": 0.028027,
  "2003-04": 0.024933,
  "2003-05": 0.012816,
  "2003-06": -0.002388,
  "2003-07": -0.010387,
  "2003-08": 0.006143,
  "2003-09": 0.00399,
  "2003-10": 0.021164,
  "2003-11": 0.011253,
  "2003-12": 0.03459,
  "2004-01": 0.027428,
  "2004-02": 0.013915,
  "2004-03": 0.021898,
  "2004-04": -0.014103,
  "2004-05": -0.000683,
  "2004-06": 0.005256,
  "2004-07": 0.001615,
  "2004-08": 0.01566,
  "2004-09": 0.015084,
  "2004-10": 0.02618,
  "2004-11": 0.006017,
  "2004-12": 0.006779,
  "2005-01": 0.012595,
  "2005-02": 0.013338,
  "2005-03": 0.00413,
  "2005-04": 0.010878,
  "2005-05": 0.007909,
  "2005-06": 0.010111,
  "2005-07": 0.010794,
  "2005-08": 0.014743,
  "2005-09": 0.010851,
  "2005-10": 0.003062,
  "2005-11": 0.00334,
  "2005-12": 0.005226,
  "2006-01": 0.009472,
  "2006-02": 0.005326,
  "2006-03": 0.005193,
  "2006-04": 0.004189,
  "2006-05": 0.008481,
  "2006-06": 0.002309,
  "2006-07": 0.006431,
  "2006-08": 0.011754,
  "2006-09": 0.006856,
  "2006-10": 0.007446,
  "2006-11": 0.005127,
  "2006-12": 0.006592,
  "2007-01": 0.007733,
  "2007-02": 0.006563,
  "2007-03": 0.00678,
  "2007-04": 0.007186,
  "2007-05": 0.009086,
  "2007-06": 0.007768,
  "2007-07": 0.008683,
  "2007-08": -0.006207,
  "2007-09": -0.002762,
  "2007-10": 0.016082,
  "2007-11": 0.000619,
  "2007-12": 0.006872,
  "2008-01": 0.005318,
  "2008-02": -0.006024,
  "2008-03": 0.005692,
  "2008-04": 0.013613,
  "2008-05": 0.009115,
  "2008-06": -0.001465,
  "2008-07": -0.00012,
  "2008-08": -0.002816,
  "2008-09": -0.051519,
  "2008-10": -0.074713,
  "2008-11": 0.008249,
  "2008-12": 0.026378,
  "2009-01": -0.004664,
  "2009-02": 0.037518,
  "2009-03": 0.044361,
  "2009-04": 0.022481,
  "2009-05": 0.019857,
  "2009-06": 0.02297,
  "2009-07": 0.023518,
  "2009-08": 0.013371,
  "2009-09": 0.023312,
  "2009-10": 0.025408,
  "2009-11": 0.014661,
  "2009-12": 0.013825,
  "2010-01": 0.017385,
  "2010-02": 0.015321,
  "2010-03": 0.022896,
  "2010-04": 0.004593,
  "2010-05": 0.000798,
  "2010-06": 0.018009,
  "2010-07": 0.010068,
  "2010-08": 0.006841,
  "2010-09": 0.009993,
  "2010-10": 0.00363,
  "2010-11": 0.002419,
  "2010-12": 0.003585,
  "2011-01": 0.009319,
  "2011-02": 0.007282,
  "2011-03": 0.010698,
  "2011-04": 0.007643,
  "2011-05": 0.004931,
  "2011-06": 0.008428,
  "2011-07": 0.00862,
  "2011-08": -0.004954,
  "2011-09": -0.008045,
  "2011-10": 0.00651,
  "2011-11": 0.000915,
  "2011-12": 0.007528,
  "2012-01": 0.009286,
  "2012-02": 0.010955,
  "2012-03": 0.009122,
  "2012-04": 0.006061,
  "2012-05": -0.002689,
  "2012-06": 0.005435,
  "2012-07": 0.011414,
  "2012-08": 0.008407,
  "2012-09": 0.007114,
  "2012-10": 0.006335,
  "2012-11": 0.007321,
  "2012-12": 0.008725,
  "2013-01": 0.012965,
  "2013-02": 0.006956,
  "2013-03": 0.005822,
  "2013-04": 0.009724,
  "2013-05": 0.005809,
  "2013-06": 0.001634,
  "2013-07": 0.010166,
  "2013-08": 0.005933,
  "2013-09": 0.00726,
  "2013-10": 0.007078,
  "2013-11": 0.0046,
  "2013-12": 0.007821,
  "2014-01": 0.006161,
  "2014-02": 0.005401,
  "2014-03": -0.009252,
  "2014-04": 0.005476,
  "2014-05": 0.004779,
  "2014-06": 0.010733,
  "2014-07": 0.005771,
  "2014-08": 0.003549,
  "2014-09": 0.000545,
  "2014-10": -0.007508,
  "2014-11": -0.002533,
  "2014-12": -0.021207,
  "2015-01": 0.002069,
  "2015-02": 0.022473,
  "2015-03": 0.023131,
  "2015-04": 0.024945,
  "2015-05": 0.019913,
  "2015-06": 0.010466,
  "2015-07": 0.009374,
  "2015-08": 0.008085,
  "2015-09": 0.011242,
  "2015-10": 0.011977,
  "2015-11": 0.009884,
  "2015-12": 0.009896,
  "2016-01": 0.00966,
  "2016-02": 0.010622,
  "2016-03": 0.010722,
  "2016-04": 0.01197,
  "2016-05": 0.008797,
  "2016-06": 0.013279,
  "2016-07": 0.0081,
  "2016-08": 0.011651,
  "2016-09": 0.006113,
  "2016-10": 0.002876,
  "2016-11": 0.014281,
  "2016-12": 0.011821,
  "2017-01": 0.007424,
  "2017-02": 0.007709,
  "2017-03": 0.010456,
  "2017-04": 0.012057,
  "2017-05": 0.010132,
  "2017-06": 0.008098,
  "2017-07": 0.007605,
  "2017-08": 0.010286,
  "2017-09": 0.011582,
  "2017-10": 0.014494,
  "2017-11": 0.005234,
  "2017-12": 0.010487,
  "2018-01": 0.012991,
  "2018-02": 0.013354,
  "2018-03": 0.005816,
  "2018-04": 0.001667,
  "2018-05": 0.005371,
  "2018-06": -0.001104,
  "2018-07": 0.003174,
  "2018-08": -0.016475,
  "2018-09": 0.00691,
  "2018-10": 0.004307,
  "2018-11": 0.002698,
  "2018-12": 0.004594,
  "2019-01": 0.016258,
  "2019-02": 0.005628,
  "2019-03": 0.008652,
  "2019-04": 0.011608,
  "2019-05": 0.01226,
  "2019-06": 0.01825,
  "2019-07": 0.010305,
  "2019-08": 0.008251,
  "2019-09": 0.012958,
  "2019-10": 0.018308,
  "2019-11": 0.006607,
  "2019-12": 0.01141,
  "2020-01": 0.010915,
  "2020-02": 0.000906,
  "2020-03": -0.015533,
  "2020-04": 0.036641,
  "2020-05": 0.023298,
  "2020-06": 0.004496,
  "2020-07": 0.005051,
  "2020-08": 0.00432,
  "2020-09": 0.004709,
  "2020-10": 0.004158,
  "2020-11": 0.008451,
  "2020-12": 0.006318,
  "2021-01": 0.003134,
  "2021-02": -0.002672,
  "2021-03": -0.001047,
  "2021-04": 9.3e-05,
  "2021-05": 0.003006,
  "2021-06": -0.001896,
  "2021-07": 0.003531,
  "2021-08": 0.004904,
  "2021-09": 0.000395,
  "2021-10": -0.004226,
  "2021-11": 0.001126,
  "2021-12": 0.017786,
  "2022-01": -0.011589,
  "2022-02": -0.012422,
  "2022-03": -0.011938,
  "2022-04": 0.050666,
  "2022-05": 0.01586,
  "2022-06": 0.027671,
  "2022-07": 0.023785,
  "2022-08": 0.00627,
  "2022-09": -0.016873,
  "2022-10": 0.029982,
  "2022-11": 0.005522,
  "2022-12": 0.00873,
  "2023-01": 0.008566,
  "2023-02": 0.003697,
  "2023-03": 0.0099,
  "2023-04": 0.008624,
  "2023-05": 0.011116,
  "2023-06": 0.007549,
  "2023-07": 0.001748,
  "2023-08": -0.005358,
  "2023-09": -0.01126,
  "2023-10": 0.003033,
  "2023-11": 0.009211,
  "2023-12": 0.010972,
  "2024-01": 0.007065,
  "2024-02": 0.009965,
  "2024-03": 0.00416,
  "2024-04": 0.007284,
  "2024-05": -3e-05,
  "2024-06": 0.00216,
  "2024-07": 0.012009,
  "2024-08": 0.002474,
  "2024-09": 0.010033,
  "2024-10": -0.004707
}