{
  "2000-01": 0.1128,
  "2000-02": 0.101186,
  "2000-03": 0.035417,
  "2000-04": -0.003547,
  "2000-05": 0.044847,
  "2000-06": 0.0486,
  "2000-07": 0.067138,
  "2000-08": 0.038357,
  "2000-09": 0.042478,
  "2000-10": -0.015499,
  "2000-11": -0.005332,
  "2000-12": 0.02189,
  "2001-01": 0.070572,
  "2001-02": 0.008692,
  "2001-03": -0.026661,
  "2001-04": 0.0,
  "2001-05": 0.024005,
  "2001-06": 0.01764,
  "2001-07": 0.016364,
  "2001-08": 0.013857,
  "2001-09": -0.06297,
  "2001-10": -0.031711,
  "2001-11": 0.01671,
  "2001-12": 0.008038,
  "2002-01": 0.02529,
  "2002-02": 0.018514,
  "2002-03": -0.034418,
  "2002-04": -0.020596,
  "2002-05": 0.019402,
  "2002-06": 0.018383,
  "2002-07": 0.017471,
  "2002-08": 0.009983,
  "2002-09": 0.014177,
  "2002-10": 0.018044,
  "2002-11": 0.018326,
  "2002-12": 0.009186,
  "2003-01": 0.030608,
  "2003-02": 0.086617,
  "2003-03": 0.014307,
  "2003-04": 0.04377,
  "2003-05": 0.040542,
  "2003-06": 0.005998,
  "2003-07": -0.021746,
  "2003-08": 0.004954,
  "2003-09": 0.004319,
  "2003-10": 0.02007,
  "2003-11": 0.002981,
  "2003-12": 0.018809,
  "2004-01": 0.03009,
  "2004-02": 0.008577,
  "2004-03": 0.028401,
  "2004-04": -0.008581,
  "2004-05": -0.005154,
  "2004-06": 0.002966,
  "2004-07": 0.006585,
  "2004-08": 0.005014,
  "2004-09": 0.008263,
  "2004-10": 0.010399,
  "2004-11": 0.006236,
  "2004-12": 0.011711,
  "2005-01": 0.001654,
  "2005-02": 0.006116,
  "2005-03": 0.002648,
  "2005-04": 0.007922,
  "2005-05": 0.006089,
  "2005-06": 0.00917,
  "2005-07": 0.006833,
  "2005-08": 0.029276,
  "2005-09": 0.028338,
  "2005-10": -0.009618,
  "2005-11": 0.005958,
  "2005-12": 0.016911,
  "2006-01": 0.007036,
  "2006-02": 0.002574,
  "2006-03": 0.003768,
  "2006-04": -0.003023,
  "2006-05": 0.010262,
  "2006-06": 0.005705,
  "2006-07": 0.007575,
  "2006-08": 0.01266,
  "2006-09": 0.009738,
  "2006-10": 0.003533,
  "2006-11": -0.000729,
  "2006-12": 0.008284,
  "2007-01": 0.001291,
  "2007-02": 0.006759,
  "2007-03": 0.007557,
  "2007-04": 0.008213,
  "2007-05": 0.011774,
  "2007-06": 0.004011,
  "2007-07": 0.004691,
  "2007-08": -0.003223,
  "2007-09": 0.010455,
  "2007-10": 0.008882,
  "2007-11": 0.003112,
  "2007-12": 0.007565,
  "2008-01": 0.005983,
  "2008-02": -0.007609,
  "2008-03": -0.001528,
  "2008-04": -0.000235,
  "2008-05": 0.010948,
  "2008-06": 0.002067,
  "2008-07": -0.013073,
  "2008-08": -0.026874,
  "2008-09": -0.006322,
  "2008-10": -0.022191,
  "2008-11": -0.003518,
  "2008-12": 0.006061,
  "2009-01": -0.015744,
  "2009-02": 0.080957,
  "2009-03": 0.044452,
  "2009-04": 0.024312,
  "2009-05": 0.011704,
  "2009-06": 0.010274,
  "2009-07": 0.017136,
  "2009-08": 0.015876,
  "2009-09": 0.031541,
  "2009-10": 0.054491,
  "2009-11": 0.02332,
  "2009-12": 0.011348,
  "2010-01": 0.029601,
  "2010-02": 0.014107,
  "2010-03": 0.030811,
  "2010-04": -0.00145,
  "2010-05": -0.004334,
  "2010-06": 0.014753,
  "2010-07": 0.006783,
  "2010-08": 0.003043,
  "2010-09": 0.006403,
  "2010-10": 0.007776,
  "2010-11": -0.004003,
  "2010-12": 0.003397,
  "2011-01": 0.004852,
  "2011-02": 0.003739,
  "2011-03": 0.015065,
  "2011-04": 0.006937,
  "2011-05": 0.000941,
  "2011-06": 0.009583,
  "2011-07": 0.01415,
  "2011-08": -0.004182,
  "2011-09": -0.015973,
  "2011-10": 0.012902,
  "2011-11": 2e-05,
  "2011-12": 0.008839,
  "2012-01": 0.017934,
  "2012-02": 0.015241,
  "2012-03": 0.006628,
  "2012-04": 0.002401,
  "2012-05": -0.019125,
  "2012-06": 0.010417,
  "2012-07": 0.026321,
  "2012-08": 0.010487,
  "2012-09": 0.008648,
  "2012-10": 0.021155,
  "2012-11": 0.024677,
  "2012-12": 0.013473,
  "2013-01": 0.014945,
  "2013-02": 0.002264,
  "2013-03": -0.002175,
  "2013-04": 0.032449,
  "2013-05": -0.030081,
  "2013-06": -0.013531,
  "2013-07": 0.014158,
  "2013-08": -0.005156,
  "2013-09": 0.020073,
  "2013-10": 0.013723,
  "2013-11": -0.021185,
  "2013-12": 0.013748,
  "2014-01": -0.016513,
  "2014-02": 0.003351,
  "2014-03": -0.017016,
  "2014-04": -0.013304,
  "2014-05": 0.03,
  "2014-06": 0.015004,
  "2014-07": -0.030236,
  "2014-08": -0.00409,
  "2014-09": 0.022433,
  "2014-10": -0.018704,
  "2014-11": -0.013987,
  "2014-12": -0.104134,
  "2015-01": 0.002987,
  "2015-02": 0.033559,
  "2015-03": 0.054467,
  "2015-04": 0.060551,
  "2015-05": 0.012155,
  "2015-06": -0.003149,
  "2015-07": 0.020968,
  "2015-08": -0.023584,
  "2015-09": 0.027766,
  "2015-10": 0.051028,
  "2015-11": 0.017192,
  "2015-12": 0.011163,
  "2016-01": -0.007744,
  "2016-02": 0.02739,
  "2016-03": 0.026399,
  "2016-04": 0.012147,
  "2016-05": 0.007731,
  "2016-06": 0.022821,
  "2016-07": 0.003804,
  "2016-08": 0.017007,
  "2016-09": 0.010861,
  "2016-10": -0.006927,
  "2016-11": -0.001638,
  "2016-12": 0.028092,
  "2017-01": 0.013566,
  "2017-02": -0.001549,
  "2017-03": 0.021329,
  "2017-04": 0.01706,
  "2017-05": 0.004396,
  "2017-06": 0.004718,
  "2017-07": 0.004441,
  "2017-08": 0.013432,
  "2017-09": 0.013075,
  "2017-10": 0.009754,
  "2017-11": 0.007574,
  "2017-12": 0.013426,
  "2018-01": 0.017641,
  "2018-02": 0.016192,
  "2018-03": 0.007526,
  "2018-04": -0.006626,
  "2018-05": 0.001874,
  "2018-06": -0.012017,
  "2018-07": 0.004567,
  "2018-08": -0.033684,
  "2018-09": 0.01339,
  "2018-10": 0.000974,
  "2018-11": 0.003631,
  "2018-12": 0.008667,
  "2019-01": 0.027555,
  "2019-02": -0.000979,
  "2019-03": 0.010058,
  "2019-04": 0.012792,
  "2019-05": 0.018035,
  "2019-06": 0.024071,
  "2019-07": 0.013503,
  "2019-08": 0.014793,
  "2019-09": 0.01042,
  "2019-10": 0.034963,
  "2019-11": 0.006396,
  "2019-12": 0.012541,
  "2020-01": 0.011482,
  "2020-02": -0.008544,
  "2020-03": -0.010038,
  "2020-04": 0.044517,
  "2020-05": 0.032392,
  "2020-06": -0.005758,
  "2020-07": 0.004357,
  "2020-08": -0.001812,
  "2020-09": -0.003988,
  "2020-10": 0.007605,
  "2020-11": 0.014182,
  "2020-12": -0.000643,
  "2021-01": -0.008897,
  "2021-02": -0.018213,
  "2021-03": -0.005987,
  "2021-04": 0.006307,
  "2021-05": 0.00223,
  "2021-06": -0.002243,
  "2021-07": 0.017056,
  "2021-08": 4.3e-05,
  "2021-09": -0.010452,
  "2021-10": -0.034664,
  "2021-11": -0.004146,
  "2021-12": 0.009384,
  "2022-01": -0.042538,
  "2022-02": -0.151702,
  "2022-03": 0.084109,
  "2022-04": 0.084195,
  "2022-05": 0.028826,
  "2022-06": 0.049209,
  "2022-07": 0.01721,
  "2022-08": -0.002437,
  "2022-09": -0.061161,
  "2022-10": 0.041702,
  "2022-11": 0.009205,
  "2022-12": 0.00495,
  "2023-01": 0.004934,
  "2023-02": -0.004477,
  "2023-03": 0.008829,
  "2023-04": 0.009777,
  "2023-05": 0.00818,
  "2023-06": -0.00343,
  "2023-07": -0.004853,
  "2023-08": -0.016507,
  "2023-09": -0.029314,
  "2023-10": -0.007362,
  "2023-11": 0.045707,
  "2023-12": -0.002137,
  "2024-01": 0.008904,
  "2024-02": -0.011256,
  "2024-03": -0.022241,
  "2024-04": -0.004746,
  "2024-05": -0.04604,
  "2024-06": 0.000979,
  "2024-07": -0.015531,
  "2024-08": 0.000984,
  "2024-09": -0.00641,
  "2024-10": -0.040907
}