{
  "2000-01": 0.0,
  "2000-02": 0.004709,
  "2000-03": 0.005705,
  "2000-04": 0.005191,
  "2000-05": 0.005081,
  "2000-06": 0.005592,
  "2000-07": 0.005718,
  "2000-08": 0.004767,
  "2000-09": 0.005158,
  "2000-10": 0.005799,
  "2000-11": 0.005389,
  "2000-12": 0.005003,
  "2001-01": 0.005097,
  "2001-02": 0.005727,
  "2001-03": 0.005781,
  "2001-04": 0.006143,
  "2001-05": 0.005681,
  "2001-06": 0.004733,
  "2001-07": 0.006022,
  "2001-08": 0.005408,
  "2001-09": 0.005741,
  "2001-10": 0.00532,
  "2001-11": 0.00498,
  "2001-12": 0.00517,
  "2002-01": 0.005866,
  "2002-02": 0.005627,
  "2002-03": 0.005353,
  "2002-04": 0.005762,
  "2002-05": 0.005735,
  "2002-06": 0.005014,
  "2002-07": 0.004985,
  "2002-08": 0.005706,
  "2002-09": 0.005851,
  "2002-10": 0.006129,
  "2002-11": 0.005689,
  "2002-12": 0.005992,
  "2003-01": 0.005502,
  "2003-02": 0.005822,
  "2003-03": 0.005642,
  "2003-04": 0.005472,
  "2003-05": 0.006152,
  "2003-06": 0.005758,
  "2003-07": 0.005346,
  "2003-08": 0.005623,
  "2003-09": 0.005071,
  "2003-10": 0.005458,
  "2003-11": 0.004944,
  "2003-12": 0.005271,
  "2004-01": 0.005946,
  "2004-02": 0.004821,
  "2004-03": 0.006294,
  "2004-04": 0.005969,
  "2004-05": 0.004961,
  "2004-06": 0.005788,
  "2004-07": 0.005485,
  "2004-08": 0.004939,
  "2004-09": 0.005413,
  "2004-10": 0.006197,
  "2004-11": 0.00559,
  "2004-12": 0.006258,
  "2005-01": 0.00564,
  "2005-02": 0.005979,
  "2005-03": 0.004711,
  "2005-04": 0.004786,
  "2005-05": 0.006276,
  "2005-06": 0.006226,
  "2005-07": 0.005256,
  "2005-08": 0.00484,
  "2005-09": 0.005563,
  "2005-10": 0.005688,
  "2005-11": 0.005823,
  "2005-12": 0.005671,
  "2006-01": 0.005359,
  "2006-02": 0.006315,
  "2006-03": 0.005002,
  "2006-04": 0.004836,
  "2006-05": 0.005857,
  "2006-06": 0.00513,
  "2006-07": 0.005132,
  "2006-08": 0.004825,
  "2006-09": 0.005334,
  "2006-10": 0.005177,
  "2006-11": 0.005575,
  "2006-12": 0.004751,
  "2007-01": 0.004796,
  "2007-02": 0.00606,
  "2007-03": 0.00581,
  "2007-04": 0.005017,
  "2007-05": 0.004726,
  "2007-06": 0.005199,
  "2007-07": 0.005304,
  "2007-08": 0.005529,
  "2007-09": 0.006161,
  "2007-10": 0.005985,
  "2007-11": 0.004786,
  "2007-12": 0.006306,
  "2008-01": 0.006299,
  "2008-02": 0.005032,
  "2008-03": 0.006074,
  "2008-04": 0.005749,
  "2008-05": 0.005433,
  "2008-06": 0.005383,
  "2008-07": 0.005645,
  "2008-08": 0.0053,
  "2008-09": 0.004824,
  "2008-10": 0.006208,
  "2008-11": 0.005818,
  "2008-12": 0.005058,
  "2009-01": 0.005772,
  "2009-02": 0.005348,
  "2009-03": 0.005276,
  "2009-04": 0.005573,
  "2009-05": 0.005456,
  "2009-06": 0.005991,
  "2009-07": 0.005218,
  "2009-08": 0.006304,
  "2009-09": 0.006018,
  "2009-10": 0.005937,
  "2009-11": 0.006007,
  "2009-12": 0.00522,
  "2010-01": 0.005629,
  "2010-02": 0.006284,
  "2010-03": 0.00539,
  "2010-04": 0.005454,
  "2010-05": 0.004855,
  "2010-06": 0.005702,
  "2010-07": 0.005193,
  "2010-08": 0.004948,
  "2010-09": 0.005589,
  "2010-10": 0.005942,
  "2010-11": 0.005664,
  "2010-12": 0.0,
  "2011-01": 0.0064,
  "2011-02": 0.007353,
  "2011-03": 0.010653,
  "2011-04": 0.008101,
  "2011-05": 0.003582,
  "2011-06": 0.008586,
  "2011-07": 0.009756,
  "2011-08": -0.002463,
  "2011-09": -0.007312,
  "2011-10": 0.006505,
  "2011-11": 0.003231,
  "2011-12": 0.008621,
  "2012-01": 0.00958,
  "2012-02": 0.012373,
  "2012-03": 0.008454,
  "2012-04": 0.005376,
  "2012-05": -0.001178,
  "2012-06": 0.00726,
  "2012-07": 0.016036,
  "2012-08": 0.009399,
  "2012-09": 0.008609,
  "2012-10": 0.014893,
  "2012-11": 0.015018,
  "2012-12": 0.011921,
  "2013-01": 0.014788,
  "2013-02": 0.005269,
  "2013-03": 0.001556,
  "2013-04": 0.016518,
  "2013-05": -0.008205,
  "2013-06": -0.003488,
  "2013-07": 0.010907,
  "2013-08": 0.000644,
  "2013-09": 0.011587,
  "2013-10": 0.008909,
  "2013-11": -0.007253,
  "2013-12": 0.009371,
  "2014-01": -0.010307,
  "2014-02": 0.004054,
  "2014-03": -0.013777,
  "2014-04": -0.010196,
  "2014-05": 0.024171,
  "2014-06": 0.01378,
  "2014-07": -0.022889,
  "2014-08": -0.002319,
  "2014-09": 0.017229,
  "2014-10": -0.016858,
  "2014-11": -0.011619,
  "2014-12": -0.089582,
  "2015-01": -0.001247,
  "2015-02": 0.03281,
  "2015-03": 0.048774,
  "2015-04": 0.054819,
  "2015-05": 0.0135,
  "2015-06": 0.006314,
  "2015-07": 0.01622,
  "2015-08": -0.033203,
  "2015-09": 0.020248,
  "2015-10": 0.042592,
  "2015-11": 0.013617,
  "2015-12": 0.004912,
  "2016-01": -0.008194,
  "2016-02": 0.011233,
  "2016-03": 0.020496,
  "2016-04": 0.009059,
  "2016-05": 0.005707,
  "2016-06": 0.016954,
  "2016-07": 0.002314,
  "2016-08": -0.002783,
  "2016-09": 0.010484,
  "2016-10": -0.006468,
  "2016-11": -0.000475,
  "2016-12": 0.025577,
  "2017-01": 0.01237,
  "2017-02": -0.000196,
  "2017-03": 0.019868,
  "2017-04": 0.016597,
  "2017-05": 0.005106,
  "2017-06": 0.006146,
  "2017-07": 0.004426,
  "2017-08": 0.012598,
  "2017-09": 0.012625,
  "2017-10": 0.009865,
  "2017-11": 0.006892,
  "2017-12": 0.013749,
  "2018-01": 0.01644,
  "2018-02": 0.016174,
  "2018-03": 0.008072,
  "2018-04": -0.005695,
  "2018-05": 0.002892,
  "2018-06": -0.009387,
  "2018-07": 0.004281,
  "2018-08": -0.029955,
  "2018-09": 0.011133,
  "2018-10": 0.001854,
  "2018-11": 0.003471,
  "2018-12": 0.008185,
  "2019-01": 0.023328,
  "2019-02": 0.000503,
  "2019-03": 0.009884,
  "2019-04": 0.012331,
  "2019-05": 0.016333,
  "2019-06": 0.023487,
  "2019-07": 0.013391,
  "2019-08": 0.013007,
  "2019-09": 0.011458,
  "2019-10": 0.031356,
  "2019-11": 0.006424,
  "2019-12": 0.012766,
  "2020-01": 0.010728,
  "2020-02": -0.006807,
  "2020-03": -0.011023,
  "2020-04": 0.042499,
  "2020-05": 0.02961,
  "2020-06": -0.003928,
  "2020-07": 0.004578,
  "2020-08": -0.000993,
  "2020-09": -0.002484,
  "2020-10": 0.006701,
  "2020-11": 0.013222,
  "2020-12": 0.000399,
  "2021-01": -0.007454,
  "2021-02": -0.015646,
  "2021-03": -0.005313,
  "2021-04": 0.003926,
  "2021-05": -0.004275,
  "2021-06": -0.003334,
  "2021-07": 0.013748,
  "2021-08": 0.001266,
  "2021-09": -0.008262,
  "2021-10": -0.029089,
  "2021-11": -0.005158,
  "2021-12": 0.01183,
  "2022-01": -0.035679,
  "2022-02": -0.129788,
  "2022-03": 0.058892,
  "2022-04": 0.07952,
  "2022-05": 0.026852,
  "2022-06": 0.047099,
  "2022-07": 0.0196,
  "2022-08": 0.0,
  "2022-09": -0.052088,
  "2022-10": 0.04168,
  "2022-11": 0.007985,
  "2022-12": 0.006586,
  "2023-01": 0.004996,
  "2023-02": -0.002507,
  "2023-03": 0.00882,
  "2023-04": 0.009137,
  "2023-05": 0.009054,
  "2023-06": -0.000816,
  "2023-07": -0.003437,
  "2023-08": -0.014831,
  "2023-09": -0.02547,
  "2023-10": -0.006467,
  "2023-11": 0.035663,
  "2023-12": 0.001266,
  "2024-01": 0.007454,
  "2024-02": -0.006187,
  "2024-03": -0.016456,
  "2024-04": -0.001903,
  "2024-05": -0.037829,
  "2024-06": -0.000461,
  "2024-07": -0.010514,
  "2024-08": 0.001212,
  "2024-09": -0.004562,
  "2024-10": -0.037501,
  "2024-11": 0.037165,
  "2024-12": 0.056771,
  "2025-01": 0.001463,
  "2025-02": 0.037311,
  "2025-03": 0.034902,
  "2025-04": -0.000536,
  "2025-05": 0.01848
}