{
  "2000-01": 0.0,
  "2000-02": 0.005509,
  "2000-03": 0.006505,
  "2000-04": 0.005991,
  "2000-05": 0.005881,
  "2000-06": 0.006392,
  "2000-07": 0.006518,
  "2000-08": 0.005567,
  "2000-09": 0.005958,
  "2000-10": 0.006599,
  "2000-11": 0.006189,
  "2000-12": 0.005803,
  "2001-01": 0.005897,
  "2001-02": 0.006527,
  "2001-03": 0.006581,
  "2001-04": 0.006943,
  "2001-05": 0.006481,
  "2001-06": 0.005533,
  "2001-07": 0.006822,
  "2001-08": 0.006208,
  "2001-09": 0.006541,
  "2001-10": 0.00612,
  "2001-11": 0.00578,
  "2001-12": 0.00597,
  "2002-01": 0.006666,
  "2002-02": 0.006427,
  "2002-03": 0.006153,
  "2002-04": 0.006562,
  "2002-05": 0.006535,
  "2002-06": 0.005814,
  "2002-07": 0.005785,
  "2002-08": 0.006506,
  "2002-09": 0.006651,
  "2002-10": 0.006929,
  "2002-11": 0.006489,
  "2002-12": 0.006792,
  "2003-01": 0.006302,
  "2003-02": 0.006622,
  "2003-03": 0.006442,
  "2003-04": 0.006272,
  "2003-05": 0.006952,
  "2003-06": 0.006558,
  "2003-07": 0.006146,
  "2003-08": 0.006423,
  "2003-09": 0.005871,
  "2003-10": 0.006258,
  "2003-11": 0.005744,
  "2003-12": 0.006071,
  "2004-01": 0.006746,
  "2004-02": 0.005621,
  "2004-03": 0.007094,
  "2004-04": 0.006769,
  "2004-05": 0.005761,
  "2004-06": 0.006588,
  "2004-07": 0.006285,
  "2004-08": 0.005739,
  "2004-09": 0.006213,
  "2004-10": 0.006997,
  "2004-11": 0.00639,
  "2004-12": 0.007058,
  "2005-01": 0.00644,
  "2005-02": 0.006779,
  "2005-03": 0.005511,
  "2005-04": 0.005586,
  "2005-05": 0.007076,
  "2005-06": 0.007026,
  "2005-07": 0.006056,
  "2005-08": 0.00564,
  "2005-09": 0.006363,
  "2005-10": 0.006488,
  "2005-11": 0.006623,
  "2005-12": 0.006471,
  "2006-01": 0.006159,
  "2006-02": 0.007115,
  "2006-03": 0.005802,
  "2006-04": 0.005636,
  "2006-05": 0.006657,
  "2006-06": 0.00593,
  "2006-07": 0.005932,
  "2006-08": 0.005625,
  "2006-09": 0.006134,
  "2006-10": 0.005977,
  "2006-11": 0.006375,
  "2006-12": 0.005551,
  "2007-01": 0.005596,
  "2007-02": 0.00686,
  "2007-03": 0.00661,
  "2007-04": 0.005817,
  "2007-05": 0.005526,
  "2007-06": 0.005999,
  "2007-07": 0.006104,
  "2007-08": 0.006329,
  "2007-09": 0.006961,
  "2007-10": 0.006785,
  "2007-11": 0.005586,
  "2007-12": 0.007106,
  "2008-01": 0.007099,
  "2008-02": 0.005832,
  "2008-03": 0.006874,
  "2008-04": 0.006549,
  "2008-05": 0.006233,
  "2008-06": 0.006183,
  "2008-07": 0.006445,
  "2008-08": 0.0061,
  "2008-09": 0.005624,
  "2008-10": 0.007008,
  "2008-11": 0.006618,
  "2008-12": 0.005858,
  "2009-01": 0.006572,
  "2009-02": 0.006148,
  "2009-03": 0.006076,
  "2009-04": 0.006373,
  "2009-05": 0.006256,
  "2009-06": 0.006791,
  "2009-07": 0.006018,
  "2009-08": 0.007104,
  "2009-09": 0.006818,
  "2009-10": 0.006737,
  "2009-11": 0.006807,
  "2009-12": 0.00602,
  "2010-01": 0.006429,
  "2010-02": 0.007084,
  "2010-03": 0.00619,
  "2010-04": 0.006254,
  "2010-05": 0.005655,
  "2010-06": 0.006502,
  "2010-07": 0.005993,
  "2010-08": 0.005748,
  "2010-09": 0.006389,
  "2010-10": 0.006742,
  "2010-11": 0.006464,
  "2010-12": 0.0,
  "2011-01": 0.0072,
  "2011-02": 0.008153,
  "2011-03": 0.011453,
  "2011-04": 0.008901,
  "2011-05": 0.004382,
  "2011-06": 0.009386,
  "2011-07": 0.010556,
  "2011-08": -0.001663,
  "2011-09": -0.006512,
  "2011-10": 0.007305,
  "2011-11": 0.004031,
  "2011-12": 0.009421,
  "2012-01": 0.01038,
  "2012-02": 0.013173,
  "2012-03": 0.009254,
  "2012-04": 0.006176,
  "2012-05": -0.000378,
  "2012-06": 0.00806,
  "2012-07": 0.016836,
  "2012-08": 0.010199,
  "2012-09": 0.009409,
  "2012-10": 0.015693,
  "2012-11": 0.015818,
  "2012-12": 0.012721,
  "2013-01": 0.015588,
  "2013-02": 0.006069,
  "2013-03": 0.002356,
  "2013-04": 0.017318,
  "2013-05": -0.007405,
  "2013-06": -0.002688,
  "2013-07": 0.011707,
  "2013-08": 0.001444,
  "2013-09": 0.012387,
  "2013-10": 0.009709,
  "2013-11": -0.006453,
  "2013-12": 0.010171,
  "2014-01": -0.009507,
  "2014-02": 0.004854,
  "2014-03": -0.012977,
  "2014-04": -0.009396,
  "2014-05": 0.024971,
  "2014-06": 0.01458,
  "2014-07": -0.022089,
  "2014-08": -0.001519,
  "2014-09": 0.018029,
  "2014-10": -0.016058,
  "2014-11": -0.010819,
  "2014-12": -0.088782,
  "2015-01": -0.000447,
  "2015-02": 0.03361,
  "2015-03": 0.049574,
  "2015-04": 0.055619,
  "2015-05": 0.0143,
  "2015-06": 0.007114,
  "2015-07": 0.01702,
  "2015-08": -0.032403,
  "2015-09": 0.021048,
  "2015-10": 0.043392,
  "2015-11": 0.014417,
  "2015-12": 0.005712,
  "2016-01": -0.007394,
  "2016-02": 0.012033,
  "2016-03": 0.021296,
  "2016-04": 0.009859,
  "2016-05": 0.006507,
  "2016-06": 0.017754,
  "2016-07": 0.003114,
  "2016-08": -0.001983,
  "2016-09": 0.011284,
  "2016-10": -0.005668,
  "2016-11": 0.000325,
  "2016-12": 0.026377,
  "2017-01": 0.01317,
  "2017-02": 0.000604,
  "2017-03": 0.020668,
  "2017-04": 0.017397,
  "2017-05": 0.005906,
  "2017-06": 0.006946,
  "2017-07": 0.005226,
  "2017-08": 0.013398,
  "2017-09": 0.013425,
  "2017-10": 0.010665,
  "2017-11": 0.007692,
  "2017-12": 0.014549,
  "2018-01": 0.01724,
  "2018-02": 0.016974,
  "2018-03": 0.008872,
  "2018-04": -0.004895,
  "2018-05": 0.003692,
  "2018-06": -0.008587,
  "2018-07": 0.005081,
  "2018-08": -0.029155,
  "2018-09": 0.011933,
  "2018-10": 0.002654,
  "2018-11": 0.004271,
  "2018-12": 0.008985,
  "2019-01": 0.024128,
  "2019-02": 0.001303,
  "2019-03": 0.010684,
  "2019-04": 0.013131,
  "2019-05": 0.017133,
  "2019-06": 0.024287,
  "2019-07": 0.014191,
  "2019-08": 0.013807,
  "2019-09": 0.012258,
  "2019-10": 0.032156,
  "2019-11": 0.007224,
  "2019-12": 0.013566,
  "2020-01": 0.011528,
  "2020-02": -0.006007,
  "2020-03": -0.010223,
  "2020-04": 0.043299,
  "2020-05": 0.03041,
  "2020-06": -0.003128,
  "2020-07": 0.005378,
  "2020-08": -0.000193,
  "2020-09": -0.001684,
  "2020-10": 0.007501,
  "2020-11": 0.014022,
  "2020-12": 0.001199,
  "2021-01": -0.006654,
  "2021-02": -0.014846,
  "2021-03": -0.004513,
  "2021-04": 0.004726,
  "2021-05": -0.003475,
  "2021-06": -0.002534,
  "2021-07": 0.014548,
  "2021-08": 0.002066,
  "2021-09": -0.007462,
  "2021-10": -0.028289,
  "2021-11": -0.004358,
  "2021-12": 0.01263,
  "2022-01": -0.034879,
  "2022-02": -0.128988,
  "2022-03": 0.059692,
  "2022-04": 0.08032,
  "2022-05": 0.027652,
  "2022-06": 0.047899,
  "2022-07": 0.0204,
  "2022-08": 0.0,
  "2022-09": -0.051288,
  "2022-10": 0.04248,
  "2022-11": 0.008785,
  "2022-12": 0.007386,
  "2023-01": 0.005796,
  "2023-02": -0.001707,
  "2023-03": 0.00962,
  "2023-04": 0.009937,
  "2023-05": 0.009854,
  "2023-06": -1.6e-05,
  "2023-07": -0.002637,
  "2023-08": -0.014031,
  "2023-09": -0.02467,
  "2023-10": -0.005667,
  "2023-11": 0.036463,
  "2023-12": 0.002066,
  "2024-01": 0.008254,
  "2024-02": -0.005387,
  "2024-03": -0.015656,
  "2024-04": -0.001103,
  "2024-05": -0.037029,
  "2024-06": 0.000339,
  "2024-07": -0.009714,
  "2024-08": 0.002012,
  "2024-09": -0.003762,
  "2024-10": -0.036701,
  "2024-11": 0.037965,
  "2024-12": 0.057571,
  "2025-01": 0.002263,
  "2025-02": 0.038111,
  "2025-03": 0.035702,
  "2025-04": 0.000264,
  "2025-05": 0.01928
}