{
  "2000-01": {
    "<1": 0.134,
    "1-3": 0.14740000000000003,
    ">3": 0.1608
  },
  "2000-02": {
    "<1": 0.079,
    "1-3": 0.0869,
    ">3": 0.0948
  },
  "2000-03": {
    "<1": 0.076,
    "1-3": 0.08360000000000001,
    ">3": 0.09119999999999999
  },
  "2000-04": {
    "<1": 0.054000000000000006,
    "1-3": 0.05940000000000001,
    ">3": 0.06480000000000001
  },
  "2000-05": {
    "<1": 0.073,
    "1-3": 0.0803,
    ">3": 0.0876
  },
  "2000-06": {
    "<1": 0.07200000000000001,
    "1-3": 0.07920000000000002,
    ">3": 0.0864
  },
  "2000-07": {
    "<1": 0.064,
    "1-3": 0.0704,
    ">3": 0.0768
  },
  "2000-08": {
    "<1": 0.051,
    "1-3": 0.056100000000000004,
    ">3": 0.06119999999999999
  },
  "2000-09": {
    "<1": 0.046,
    "1-3": 0.050600000000000006,
    ">3": 0.0552
  },
  "2000-10": {
    "<1": 0.044000000000000004,
    "1-3": 0.048400000000000006,
    ">3": 0.05280000000000001
  },
  "2000-11": {
    "<1": 0.046,
    "1-3": 0.050600000000000006,
    ">3": 0.0552
  },
  "2000-12": {
    "<1": 0.042,
    "1-3": 0.046200000000000005,
    ">3": 0.0504
  },
  "2001-01": {
    "<1": 0.040999999999999995,
    "1-3": 0.0451,
    ">3": 0.049199999999999994
  },
  "2001-02": {
    "<1": 0.047,
    "1-3": 0.0517,
    ">3": 0.0564
  },
  "2001-03": {
    "<1": 0.045,
    "1-3": 0.0495,
    ">3": 0.054
  },
  "2001-04": {
    "<1": 0.043,
    "1-3": 0.0473,
    ">3": 0.05159999999999999
  },
  "2001-05": {
    "<1": 0.054000000000000006,
    "1-3": 0.05940000000000001,
    ">3": 0.06480000000000001
  },
  "2001-06": {
    "<1": 0.047,
    "1-3": 0.0517,
    ">3": 0.0564
  },
  "2001-07": {
    "<1": 0.042,
    "1-3": 0.046200000000000005,
    ">3": 0.0504
  },
  "2001-08": {
    "<1": 0.053,
    "1-3": 0.058300000000000005,
    ">3": 0.06359999999999999
  },
  "2001-09": {
    "<1": 0.055,
    "1-3": 0.060500000000000005,
    ">3": 0.066
  },
  "2001-10": {
    "<1": 0.055,
    "1-3": 0.060500000000000005,
    ">3": 0.066
  },
  "2001-11": {
    "<1": 0.048,
    "1-3": 0.05280000000000001,
    ">3": 0.0576
  },
  "2001-12": {
    "<1": 0.102,
    "1-3": 0.11220000000000001,
    ">3": 0.12239999999999998
  },
  "2002-01": {
    "<1": 0.10099999999999999,
    "1-3": 0.1111,
    ">3": 0.12119999999999999
  },
  "2002-02": {
    "<1": 0.1,
    "1-3": 0.11000000000000001,
    ">3": 0.12
  },
  "2002-03": {
    "<1": 0.107,
    "1-3": 0.11770000000000001,
    ">3": 0.1284
  },
  "2002-04": {
    "<1": 0.107,
    "1-3": 0.11770000000000001,
    ">3": 0.1284
  },
  "2002-05": {
    "<1": 0.111,
    "1-3": 0.12210000000000001,
    ">3": 0.13319999999999999
  },
  "2002-06": {
    "<1": 0.111,
    "1-3": 0.12210000000000001,
    ">3": 0.13319999999999999
  },
  "2002-07": {
    "<1": 0.12,
    "1-3": 0.132,
    ">3": 0.144
  },
  "2002-08": {
    "<1": 0.10300000000000001,
    "1-3": 0.11330000000000001,
    ">3": 0.1236
  },
  "2002-09": {
    "<1": 0.105,
    "1-3": 0.1155,
    ">3": 0.126
  },
  "2002-10": {
    "<1": 0.124,
    "1-3": 0.13640000000000002,
    ">3": 0.1488
  },
  "2002-11": {
    "<1": 0.128,
    "1-3": 0.1408,
    ">3": 0.1536
  },
  "2002-12": {
    "<1": 0.12,
    "1-3": 0.132,
    ">3": 0.144
  },
  "2003-01": {
    "<1": 0.121,
    "1-3": 0.1331,
    ">3": 0.1452
  },
  "2003-02": {
    "<1": 0.11900000000000001,
    "1-3": 0.13090000000000002,
    ">3": 0.1428
  },
  "2003-03": {
    "<1": 0.11199999999999999,
    "1-3": 0.1232,
    ">3": 0.1344
  },
  "2003-04": {
    "<1": 0.109,
    "1-3": 0.1199,
    ">3": 0.1308
  },
  "2003-05": {
    "<1": 0.10800000000000001,
    "1-3": 0.11880000000000002,
    ">3": 0.12960000000000002
  },
  "2003-06": {
    "<1": 0.11,
    "1-3": 0.12100000000000001,
    ">3": 0.132
  },
  "2003-07": {
    "<1": 0.111,
    "1-3": 0.12210000000000001,
    ">3": 0.13319999999999999
  },
  "2003-08": {
    "<1": 0.106,
    "1-3": 0.11660000000000001,
    ">3": 0.12719999999999998
  },
  "2003-09": {
    "<1": 0.098,
    "1-3": 0.1078,
    ">3": 0.1176
  },
  "2003-10": {
    "<1": 0.10400000000000001,
    "1-3": 0.11440000000000002,
    ">3": 0.12480000000000001
  },
  "2003-11": {
    "<1": 0.10400000000000001,
    "1-3": 0.11440000000000002,
    ">3": 0.12480000000000001
  },
  "2003-12": {
    "<1": 0.11,
    "1-3": 0.12100000000000001,
    ">3": 0.132
  },
  "2004-01": {
    "<1": 0.1,
    "1-3": 0.11000000000000001,
    ">3": 0.12
  },
  "2004-02": {
    "<1": 0.094,
    "1-3": 0.1034,
    ">3": 0.1128
  },
  "2004-03": {
    "<1": 0.092,
    "1-3": 0.10120000000000001,
    ">3": 0.1104
  },
  "2004-04": {
    "<1": 0.09,
    "1-3": 0.099,
    ">3": 0.108
  },
  "2004-05": {
    "<1": 0.092,
    "1-3": 0.10120000000000001,
    ">3": 0.1104
  },
  "2004-06": {
    "<1": 0.08800000000000001,
    "1-3": 0.09680000000000001,
    ">3": 0.10560000000000001
  },
  "2004-07": {
    "<1": 0.09,
    "1-3": 0.099,
    ">3": 0.108
  },
  "2004-08": {
    "<1": 0.092,
    "1-3": 0.10120000000000001,
    ">3": 0.1104
  },
  "2004-09": {
    "<1": 0.095,
    "1-3": 0.10450000000000001,
    ">3": 0.11399999999999999
  },
  "2004-10": {
    "<1": 0.095,
    "1-3": 0.10450000000000001,
    ">3": 0.11399999999999999
  },
  "2004-11": {
    "<1": 0.096,
    "1-3": 0.10560000000000001,
    ">3": 0.1152
  },
  "2004-12": {
    "<1": 0.096,
    "1-3": 0.10560000000000001,
    ">3": 0.1152
  },
  "2005-01": {
    "<1": 0.09699999999999999,
    "1-3": 0.1067,
    ">3": 0.11639999999999998
  },
  "2005-02": {
    "<1": 0.095,
    "1-3": 0.10450000000000001,
    ">3": 0.11399999999999999
  },
  "2005-03": {
    "<1": 0.092,
    "1-3": 0.10120000000000001,
    ">3": 0.1104
  },
  "2005-04": {
    "<1": 0.084,
    "1-3": 0.09240000000000001,
    ">3": 0.1008
  },
  "2005-05": {
    "<1": 0.087,
    "1-3": 0.09570000000000001,
    ">3": 0.10439999999999999
  },
  "2005-06": {
    "<1": 0.087,
    "1-3": 0.09570000000000001,
    ">3": 0.10439999999999999
  },
  "2005-07": {
    "<1": 0.086,
    "1-3": 0.0946,
    ">3": 0.10319999999999999
  },
  "2005-08": {
    "<1": 0.084,
    "1-3": 0.09240000000000001,
    ">3": 0.1008
  },
  "2005-09": {
    "<1": 0.085,
    "1-3": 0.09350000000000001,
    ">3": 0.10200000000000001
  },
  "2005-10": {
    "<1": 0.084,
    "1-3": 0.09240000000000001,
    ">3": 0.1008
  },
  "2005-11": {
    "<1": 0.086,
    "1-3": 0.0946,
    ">3": 0.10319999999999999
  },
  "2005-12": {
    "<1": 0.08199999999999999,
    "1-3": 0.0902,
    ">3": 0.09839999999999999
  },
  "2006-01": {
    "<1": 0.083,
    "1-3": 0.0913,
    ">3": 0.09960000000000001
  },
  "2006-02": {
    "<1": 0.084,
    "1-3": 0.09240000000000001,
    ">3": 0.1008
  },
  "2006-03": {
    "<1": 0.083,
    "1-3": 0.0913,
    ">3": 0.09960000000000001
  },
  "2006-04": {
    "<1": 0.083,
    "1-3": 0.0913,
    ">3": 0.09960000000000001
  },
  "2006-05": {
    "<1": 0.078,
    "1-3": 0.0858,
    ">3": 0.0936
  },
  "2006-06": {
    "<1": 0.076,
    "1-3": 0.08360000000000001,
    ">3": 0.09119999999999999
  },
  "2006-07": {
    "<1": 0.073,
    "1-3": 0.0803,
    ">3": 0.0876
  },
  "2006-08": {
    "<1": 0.078,
    "1-3": 0.0858,
    ">3": 0.0936
  },
  "2006-09": {
    "<1": 0.076,
    "1-3": 0.08360000000000001,
    ">3": 0.09119999999999999
  },
  "2006-10": {
    "<1": 0.077,
    "1-3": 0.08470000000000001,
    ">3": 0.0924
  },
  "2006-11": {
    "<1": 0.077,
    "1-3": 0.08470000000000001,
    ">3": 0.0924
  },
  "2006-12": {
    "<1": 0.077,
    "1-3": 0.08470000000000001,
    ">3": 0.0924
  },
  "2007-01": {
    "<1": 0.075,
    "1-3": 0.0825,
    ">3": 0.09
  },
  "2007-02": {
    "<1": 0.07400000000000001,
    "1-3": 0.08140000000000001,
    ">3": 0.0888
  },
  "2007-03": {
    "<1": 0.07400000000000001,
    "1-3": 0.08140000000000001,
    ">3": 0.0888
  },
  "2007-04": {
    "<1": 0.075,
    "1-3": 0.0825,
    ">3": 0.09
  },
  "2007-05": {
    "<1": 0.07200000000000001,
    "1-3": 0.07920000000000002,
    ">3": 0.0864
  },
  "2007-06": {
    "<1": 0.07200000000000001,
    "1-3": 0.07920000000000002,