{
  "2000-01": 0.023299999999999984,
  "2000-02": 0.010400000000000062,
  "2000-03": 0.0064000000000000055,
  "2000-04": 0.008900000000000005,
  "2000-05": 0.0175,
  "2000-06": 0.02549999999999997,
  "2000-07": 0.01790000000000006,
  "2000-08": 0.00980000000000004,
  "2000-09": 0.013199999999999932,
  "2000-10": 0.021099999999999994,
  "2000-11": 0.01519999999999996,
  "2000-12": 0.20180000000000006,
  "2001-01": 0.02760000000000005,
  "2001-02": 0.02280000000000001,
  "2001-03": 0.018599999999999995,
  "2001-04": 0.01790000000000006,
  "2001-05": 0.01780000000000001,
  "2001-06": 0.016200000000000044,
  "2001-07": 0.004500000000000028,
  "2001-08": 0.00010000000000005117,
  "2001-09": 0.005999999999999943,
  "2001-10": 0.010900000000000035,
  "2001-11": 0.013599999999999994,
  "2001-12": 0.1858,
  "2002-01": 0.030900000000000035,
  "2002-02": 0.011599999999999966,
  "2002-03": 0.010799999999999983,
  "2002-04": 0.011599999999999966,
  "2002-05": 0.016899999999999978,
  "2002-06": 0.005300000000000011,
  "2002-07": 0.0071999999999999885,
  "2002-08": 0.0009000000000000341,
  "2002-09": 0.0040000000000000565,
  "2002-10": 0.010699999999999932,
  "2002-11": 0.016099999999999993,
  "2002-12": 0.1506,
  "2003-01": 0.024000000000000056,
  "2003-02": 0.016299999999999953,
  "2003-03": 0.010499999999999971,
  "2003-04": 0.01019999999999996,
  "2003-05": 0.007999999999999972,
  "2003-06": 0.007999999999999972,
  "2003-07": 0.007099999999999937,
  "2003-08": -0.004099999999999966,
  "2003-09": 0.003400000000000034,
  "2003-10": 0.01,
  "2003-11": 0.009599999999999937,
  "2003-12": 0.11989999999999995,
  "2004-01": 0.0175,
  "2004-02": 0.009899999999999949,
  "2004-03": 0.0075,
  "2004-04": 0.009899999999999949,
  "2004-05": 0.007399999999999949,
  "2004-06": 0.007800000000000012,
  "2004-07": 0.009200000000000017,
  "2004-08": 0.004200000000000017,
  "2004-09": 0.0043000000000000685,
  "2004-10": 0.011400000000000006,
  "2004-11": 0.011099999999999994,
  "2004-12": 0.11730000000000004,
  "2005-01": 0.026200000000000046,
  "2005-02": 0.01230000000000004,
  "2005-03": 0.013400000000000033,
  "2005-04": 0.011200000000000045,
  "2005-05": 0.007999999999999972,
  "2005-06": 0.0064000000000000055,
  "2005-07": 0.0045999999999999375,
  "2005-08": -0.0014000000000000056,
  "2005-09": 0.0025,
  "2005-10": 0.005499999999999972,
  "2005-11": 0.007399999999999949,
  "2005-12": 0.10920000000000002,
  "2006-01": 0.024300000000000068,
  "2006-02": 0.016599999999999965,
  "2006-03": 0.008199999999999931,
  "2006-04": 0.0034999999999999433,
  "2006-05": 0.0048000000000000395,
  "2006-06": 0.0028000000000000112,
  "2006-07": 0.006700000000000017,
  "2006-08": 0.0018999999999999772,
  "2006-09": 0.0009000000000000341,
  "2006-10": 0.0028000000000000112,
  "2006-11": 0.006299999999999955,
  "2006-12": 0.09,
  "2007-01": 0.01680000000000007,
  "2007-02": 0.011099999999999994,
  "2007-03": 0.005900000000000034,
  "2007-04": 0.005699999999999932,
  "2007-05": 0.006299999999999955,
  "2007-06": 0.00950000000000003,
  "2007-07": 0.008700000000000046,
  "2007-08": 0.0009000000000000341,
  "2007-09": 0.007900000000000063,
  "2007-10": 0.016400000000000005,
  "2007-11": 0.01230000000000004,
  "2007-12": 0.11870000000000004,
  "2008-01": 0.023100000000000023,
  "2008-02": 0.012000000000000028,
  "2008-03": 0.012000000000000028,
  "2008-04": 0.014200000000000016,
  "2008-05": 0.013499999999999943,
  "2008-06": 0.009699999999999988,
  "2008-07": 0.0051000000000000515,
  "2008-08": 0.0035999999999999943,
  "2008-09": 0.007999999999999972,
  "2008-10": 0.009099999999999966,
  "2008-11": 0.008299999999999983,
  "2008-12": 0.1328,
  "2009-01": 0.023700000000000044,
  "2009-02": 0.016500000000000056,
  "2009-03": 0.013100000000000023,
  "2009-04": 0.006899999999999977,
  "2009-05": 0.005699999999999932,
  "2009-06": 0.005999999999999943,
  "2009-07": 0.006299999999999955,
  "2009-08": 0.0,
  "2009-09": -0.00030000000000001136,
  "2009-10": 0.0,
  "2009-11": 0.0029000000000000627,
  "2009-12": 0.08799999999999997,
  "2010-01": 0.016400000000000005,
  "2010-02": 0.008599999999999995,
  "2010-03": 0.006299999999999955,
  "2010-04": 0.0029000000000000627,
  "2010-05": 0.005,
  "2010-06": 0.003900000000000006,
  "2010-07": 0.0035999999999999943,
  "2010-08": 0.005499999999999972,
  "2010-09": 0.008400000000000034,
  "2010-10": 0.005,
  "2010-11": 0.008100000000000022,
  "2010-12": 0.08780000000000002,
  "2011-01": 0.023700000000000044,
  "2011-02": 0.007800000000000012,
  "2011-03": 0.006200000000000046,
  "2011-04": 0.0043000000000000685,
  "2011-05": 0.0048000000000000395,
  "2011-06": 0.00230000000000004,
  "2011-07": -0.00010000000000005117,
  "2011-08": -0.002399999999999949,
  "2011-09": -0.0004000000000000625,
  "2011-10": 0.0048000000000000395,
  "2011-11": 0.004200000000000017,
  "2011-12": 0.06099999999999994,
  "2012-01": 0.005,
  "2012-02": 0.0037000000000000453,
  "2012-03": 0.005799999999999983,
  "2012-04": 0.003100000000000023,
  "2012-05": 0.00519999999999996,
  "2012-06": 0.008900000000000005,
  "2012-07": 0.01230000000000004,
  "2012-08": 0.0009999999999999432,
  "2012-09": 0.005499999999999972,
  "2012-10": 0.0045999999999999375,
  "2012-11": 0.003400000000000034,
  "2012-12": 0.06569999999999993,
  "2013-01": 0.009699999999999988,
  "2013-02": 0.0056000000000000225,
  "2013-03": 0.003400000000000034,
  "2013-04": 0.0051000000000000515,
  "2013-05": 0.006599999999999966,
  "2013-06": 0.004200000000000017,
  "2013-07": 0.008199999999999931,
  "2013-08": 0.0014000000000000056,
  "2013-09": 0.0020999999999999374,
  "2013-10": 0.005699999999999932,
  "2013-11": 0.0056000000000000225,
  "2013-12": 0.0647,
  "2014-01": 0.005900000000000034,
  "2014-02": 0.007000000000000029,
  "2014-03": 0.01019999999999996,
  "2014-04": 0.009000000000000057,
  "2014-05": 0.009000000000000057,
  "2014-06": 0.006200000000000046,
  "2014-07": 0.004899999999999949,
  "2014-08": 0.002399999999999949,
  "2014-09": 0.006500000000000057,
  "2014-10": 0.008199999999999931,
  "2014-11": 0.012800000000000011,
  "2014-12": 0.11349999999999995,
  "2015-01": 0.038499999999999944,
  "2015-02": 0.022199999999999987,
  "2015-03": 0.012099999999999937,
  "2015-04": 0.0045999999999999375,
  "2015-05": 0.0034999999999999433,
  "2015-06": 0.0018999999999999772,
  "2015-07": 0.007999999999999972,
  "2015-08": 0.0034999999999999433,
  "2015-09": 0.005699999999999932,
  "2015-10": 0.007399999999999949,
  "2015-11": 0.0075,
  "2015-12": 0.12909999999999996,
  "2016-01": 0.009599999999999937,
  "2016-02": 0.006299999999999955,
  "2016-03": 0.0045999999999999375,
  "2016-04": 0.004399999999999977,
  "2016-05": 0.004099999999999966,
  "2016-06": 0.0035999999999999943,
  "2016-07": 0.005400000000000063,
  "2016-08": 0.00010000000000005117,
  "2016-09": 0.001700000000000017,
  "2016-10": 0.0043000000000000685,
  "2016-11": 0.004399999999999977,
  "2016-12": 0.0539,
  "2017-01": 0.006200000000000046,
  "2017-02": 0.0021999999999999884,
  "2017-03": 0.0012999999999999546,
  "2017-04": 0.003299999999999983,
  "2017-05": 0.0037000000000000453,
  "2017-06": 0.006099999999999994,
  "2017-07": 0.0006999999999999318,
  "2017-08": -0.005400000000000063,
  "2017-09": -0.0015000000000000568,
  "2017-10": 0.0020000000000000282,
  "2017-11": 0.0021999999999999884,
  "2017-12": 0.025100000000000053,
  "2018-01": 0.003100000000000023,
  "2018-02": 0.0020999999999999374,
  "2018-03": 0.0029000000000000627,
  "2018-04": 0.0037999999999999545,
  "2018-05": 0.0037999999999999545,
  "2018-06": 0.004899999999999949,
  "2018-07": 0.0026999999999999602,
  "2018-08": 0.00010000000000005117,
  "2018-09": 0.0015999999999999658,
  "2018-10": 0.0034999999999999433,
  "2018-11": 0.005,
  "2018-12": 0.042600000000000054,
  "2019-01": 0.010100000000000052,
  "2019-02": 0.004399999999999977,
  "2019-03": 0.0031999999999999316,
  "2019-04": 0.0029000000000000627,
  "2019-05": 0.003400000000000034,
  "2019-06": 0.0004000000000000625,