{
  "2000-01": 0.0,
  "2000-02": 0.014194,
  "2000-03": 0.329991,
  "2000-04": -0.04645,
  "2000-05": -0.106238,
  "2000-06": -0.101912,
  "2000-07": 0.027138,
  "2000-08": 0.193837,
  "2000-09": -0.143999,
  "2000-10": -0.060554,
  "2000-11": -0.220477,
  "2000-12": -0.036372,
  "2001-01": 0.161715,
  "2001-02": -0.05747,
  "2001-03": 0.054206,
  "2001-04": 0.069719,
  "2001-05": 0.165012,
  "2001-06": 0.05628,
  "2001-07": -0.085506,
  "2001-08": -0.03449,
  "2001-09": -0.136228,
  "2001-10": 0.120002,
  "2001-11": 0.138253,
  "2001-12": 0.11396,
  "2002-01": 0.097378,
  "2002-02": 0.007209,
  "2002-03": 0.153474,
  "2002-04": 0.133252,
  "2002-05": -0.028311,
  "2002-06": -0.088217,
  "2002-07": -0.073542,
  "2002-08": 0.036975,
  "2002-09": -0.007768,
  "2002-10": 0.073976,
  "2002-11": 0.032101,
  "2002-12": -0.007779,
  "2003-01": -0.034883,
  "2003-02": 0.109621,
  "2003-03": -0.046746,
  "2003-04": 0.135819,
  "2003-05": 0.138752,
  "2003-06": 0.0816,
  "2003-07": -0.055199,
  "2003-08": 0.124797,
  "2003-09": 0.064401,
  "2003-10": -0.089912,
  "2003-11": 0.03387,
  "2003-12": 0.061849,
  "2004-01": 0.071905,
  "2004-02": 0.071359,
  "2004-03": 0.090595,
  "2004-04": -0.128537,
  "2004-05": -0.046958,
  "2004-06": -0.001046,
  "2004-07": -0.059887,
  "2004-08": 0.092421,
  "2004-09": 0.11242,
  "2004-10": 0.035907,
  "2004-11": -0.098283,
  "2004-12": -0.032483,
  "2005-01": 0.042592,
  "2005-02": 0.103588,
  "2005-03": -0.058768,
  "2005-04": -0.006956,
  "2005-05": 0.016855,
  "2005-06": 0.059763,
  "2005-07": 0.0948,
  "2005-08": 0.119361,
  "2005-09": 0.137986,
  "2005-10": -0.056,
  "2005-11": 0.121101,
  "2005-12": 0.070351,
  "2006-01": 0.158694,
  "2006-02": 0.127527,
  "2006-03": -0.016384,
  "2006-04": 0.144444,
  "2006-05": -0.138111,
  "2006-06": 0.038931,
  "2006-07": 0.036691,
  "2006-08": 0.049615,
  "2006-09": -0.056243,
  "2006-10": 0.043606,
  "2006-11": 0.086708,
  "2006-12": 0.092153,
  "2007-01": -0.021571,
  "2007-02": -0.00102,
  "2007-03": 0.025875,
  "2007-04": -0.000471,
  "2007-05": -0.07479,
  "2007-06": 0.060891,
  "2007-07": 0.041093,
  "2007-08": -0.033095,
  "2007-09": 0.049147,
  "2007-10": 0.065527,
  "2007-11": -0.01285,
  "2007-12": 0.020652,
  "2008-01": -0.166518,
  "2008-02": 0.054684,
  "2008-03": -0.019266,
  "2008-04": 0.0239,
  "2008-05": 0.154671,
  "2008-06": -0.089116,
  "2008-07": -0.147314,
  "2008-08": -0.097911,
  "2008-09": -0.238161,
  "2008-10": -0.287741,
  "2008-11": -0.164818,
  "2008-12": 0.01343,
  "2009-01": 0.008668,
  "2009-02": 0.065851,
  "2009-03": 0.160468,
  "2009-04": 0.190729,
  "2009-05": 0.220601,
  "2009-06": -0.135155,
  "2009-07": 0.084144,
  "2009-08": 0.036723,
  "2009-09": 0.096357,
  "2009-10": 0.033395,
  "2009-11": 0.038612,
  "2009-12": 0.066197,
  "2010-01": 0.036065,
  "2010-02": -0.061138,
  "2010-03": 0.088178,
  "2010-04": -0.00973,
  "2010-05": -0.072017,
  "2010-06": -0.017492,
  "2010-07": 0.067066,
  "2010-08": -0.020199,
  "2010-09": 0.052159,
  "2010-10": 0.057689,
  "2010-11": 0.027655,
  "2010-12": 0.07823,
  "2011-01": 0.020989,
  "2011-02": 0.031577,
  "2011-03": 0.020109,
  "2011-04": -0.039562,
  "2011-05": -0.043368,
  "2011-06": 0.000174,
  "2011-07": 0.023155,
  "2011-08": -0.093322,
  "2011-09": -0.116109,
  "2011-10": 0.096638,
  "2011-11": 0.000681,
  "2011-12": -0.064943,
  "2012-01": 0.07973,
  "2012-02": 0.055243,
  "2012-03": -0.050279,
  "2012-04": -0.028893,
  "2012-05": -0.11339,
  "2012-06": 0.062078,
  "2012-07": 0.014054,
  "2012-08": 0.011293,
  "2012-09": 0.024843,
  "2012-10": -0.022328,
  "2012-11": -0.013839,
  "2012-12": 0.048899,
  "2013-01": 0.04885,
  "2013-02": -0.039256,
  "2013-03": -0.031944,
  "2013-04": -0.036627,
  "2013-05": -0.025767,
  "2013-06": -0.014598,
  "2013-07": 0.034071,
  "2013-08": -0.008097,
  "2013-09": 0.071938,
  "2013-10": 0.032396,
  "2013-11": -0.020434,
  "2013-12": 0.016717,
  "2014-01": -0.032997,
  "2014-02": -0.006697,
  "2014-03": -0.052204,
  "2014-04": -0.046214,
  "2014-05": 0.096492,
  "2014-06": 0.03097,
  "2014-07": -0.065545,
  "2014-08": 0.015294,
  "2014-09": 0.007396,
  "2014-10": 0.054852,
  "2014-11": 0.030373,
  "2014-12": -0.089373,
  "2015-01": 0.179778,
  "2015-02": 0.067537,
  "2015-03": -0.075493,
  "2015-04": 0.038225,
  "2015-05": -0.04688,
  "2015-06": 0.028188,
  "2015-07": 0.008733,
  "2015-08": 0.038448,
  "2015-09": -0.052043,
  "2015-10": 0.041729,
  "2015-11": 0.034776,
  "2015-12": -0.005471,
  "2016-01": 0.013376,
  "2016-02": 0.030954,
  "2016-03": 0.016835,
  "2016-04": 0.04377,
  "2016-05": -0.02767,
  "2016-06": -0.004171,
  "2016-07": 0.028306,
  "2016-08": 0.013869,
  "2016-09": 0.003251,
  "2016-10": 0.005885,
  "2016-11": 0.057935,
  "2016-12": 0.06072,
  "2017-01": -0.006866,
  "2017-02": -0.081907,
  "2017-03": -0.019585,
  "2017-04": 0.010426,
  "2017-05": -0.057683,
  "2017-06": -0.010987,
  "2017-07": 0.021298,
  "2017-08": 0.053497,
  "2017-09": 0.027183,
  "2017-10": -0.006201,
  "2017-11": 0.017589,
  "2017-12": 0.004342,
  "2018-01": 0.085437,
  "2018-02": 0.002974,
  "2018-03": -0.011242,
  "2018-04": 0.01587,
  "2018-05": -0.001795,
  "2018-06": -0.003009,
  "2018-07": 0.010958,
  "2018-08": 0.010659,
  "2018-09": 0.055208,
  "2018-10": -0.049548,
  "2018-11": 0.016912,
  "2018-12": -0.009684,
  "2019-01": 0.064056,
  "2019-02": -0.014212,
  "2019-03": 0.00476,
  "2019-04": 0.024917,
  "2019-05": 0.041421,
  "2019-06": 0.037714,
  "2019-07": -0.009527,
  "2019-08": 0.000197,
  "2019-09": 0.002606,
  "2019-10": 0.053437,
  "2019-11": 0.014302,
  "2019-12": 0.037644,
  "2020-01": 0.010105,
  "2020-02": -0.094769,
  "2020-03": -0.099196,
  "2020-04": 0.056501,
  "2020-05": 0.031793,
  "2020-06": 0.003061,
  "2020-07": 0.061377,
  "2020-08": 0.018763,
  "2020-09": -0.020359,
  "2020-10": -0.074065,
  "2020-11": 0.154981,
  "2020-12": 0.058386,
  "2021-01": -0.00363,
  "2021-02": 0.021226,
  "2021-03": 0.058291,
  "2021-04": 0.000644,
  "2021-05": 0.050121,
  "2021-06": 0.032303,
  "2021-07": -0.018291,
  "2021-08": 0.039076,
  "2021-09": 0.047094,
  "2021-10": 0.011327,
  "2021-11": -0.062508,
  "2021-12": -0.026559,
  "2022-01": -0.067827,
  "2022-02": -0.300223,
  "2022-03": 0.094326,
  "2022-04": -0.095557,
  "2022-05": -0.03657,
  "2022-06": -0.064056,
  "2022-07": 0.004064,
  "2022-08": 0.08414,
  "2022-09": -0.184481,
  "2022-10": 0.106932,
  "2022-11": 0.003655,
  "2022-12": -0.009386,
  "2023-01": 0.033183,
  "2023-02": 0.012383,
  "2023-03": 0.087659,
  "2023-04": 0.075192,
  "2023-05": 0.031386,
  "2023-06": 0.029338,
  "2023-07": 0.098711,
  "2023-08": 0.050265,
  "2023-09": -0.029346,
  "2023-10": 0.02161,
  "2023-11": -0.01099,
  "2023-12": -0.021063,
  "2024-01": 0.037133,
  "2024-02": 0.013257,
  "2024-03": 0.023253,
  "2024-04": 0.0412,
  "2024-05": -0.07281,
  "2024-06": -0.019529,
  "2024-07": -0.067107,
  "2024-08": -0.099352,
  "2024-09": 0.078194,
  "2024-10": -0.104061,
  "2024-11": 0.006953,
  "2024-12": 0.118324,
  "2025-01": 0.022566,
  "2025-02": 0.085608,
  "2025-03": -0.058466,
  "2025-04": -0.03149,
  "2025-05": -0.030715
}